Method	Input	Consensus	Consensus_shuffle	Random
Summary	H3K4me3	0.9833333333333334	0.6530555555555555	0.5844444444444444
Summary	DNase I	0.9466666666666667	0.535	NA
Summary	ChromHMM	0.9373611111111111	0.7661111111111111	NA
Binary	H3K4me3	0.9969444444444444	0.5513888888888889	NA
Binary	DNase I	0.9902777777777778	0.7527777777777778	0.4975
Binary	ChromHMM	0.9373611111111111	0.7661111111111111	NA
