Method	ChromHMM	DNase I	H3K4me3
Binary	0.9731944444444444	0.9902777777777778	0.9969444444444444
Binary (shuffled)	0.645	0.7527777777777778	0.5513888888888889
Summary	0.9373611111111111	0.9466666666666667	0.9833333333333334
Summary (shuffled)	0.7661111111111111	0.535	0.6530555555555555
